{"cameraMode":{"drawMode":0,"name":"Shaded","section":"Shading Mode"},"sceneLighting":true,"audioPlay":false,"sceneViewState":{"m_AlwaysRefresh":false,"showFog":true,"showSkybox":true,"showFlares":true,"showImageEffects":true,"showParticleSystems":true,"showVisualEffectGraphs":true,"m_FxEnabled":true},"in2DMode":false,"pivot":{"x":-15.434602737426758,"y":2.843583822250366,"z":0.6902410387992859},"rotation":{"x":-0.1397315114736557,"y":-0.7903204560279846,"z":0.19523625075817109,"w":-0.5641218423843384},"size":0.05527398735284805,"orthographic":false}