{"cameraMode":{"drawMode":0,"name":"Shaded","section":"Shading Mode"},"sceneLighting":true,"audioPlay":false,"sceneViewState":{"m_AlwaysRefresh":false,"showFog":true,"showSkybox":true,"showFlares":true,"showImageEffects":true,"showParticleSystems":true,"showVisualEffectGraphs":true,"m_FxEnabled":true},"in2DMode":false,"pivot":{"x":-10.140148162841797,"y":-4.732299327850342,"z":1.8435115814208985},"rotation":{"x":-0.13222885131835938,"y":0.002934024902060628,"z":-0.00048548943595960736,"w":-0.9912777543067932},"size":1.6621341705322266,"orthographic":false}