{"cameraMode":{"drawMode":0,"name":"Shaded","section":"Shading Mode"},"sceneLighting":true,"audioPlay":false,"sceneViewState":{"m_AlwaysRefresh":false,"showFog":true,"showSkybox":true,"showFlares":true,"showImageEffects":true,"showParticleSystems":true,"showVisualEffectGraphs":true,"m_FxEnabled":true},"in2DMode":false,"pivot":{"x":-10.67544174194336,"y":-3.4384000301361086,"z":0.25389987230300906},"rotation":{"x":-0.07686040550470352,"y":-0.7932501435279846,"z":0.10241590440273285,"w":-0.5952983498573303},"size":0.28992900252342226,"orthographic":true}