{"cameraMode":{"drawMode":0,"name":"Shaded","section":"Shading Mode"},"sceneLighting":false,"audioPlay":false,"sceneViewState":{"m_AlwaysRefresh":false,"showFog":true,"showSkybox":false,"showFlares":true,"showImageEffects":true,"showParticleSystems":true,"showVisualEffectGraphs":true,"m_FxEnabled":true},"in2DMode":false,"pivot":{"x":-7.955382347106934,"y":-3.3633811473846437,"z":0.5616620779037476},"rotation":{"x":0.022326167672872545,"y":0.8498442769050598,"z":-0.035914234817028049,"w":0.5254616737365723},"size":0.4330126941204071,"orthographic":false}